-- phpMyAdmin SQL Dump
-- version 5.0.2
-- https://www.phpmyadmin.net/
--
-- Host: 127.0.0.1:3306
-- Generation Time: Nov 14, 2021 at 01:50 AM
-- Server version: 8.0.21
-- PHP Version: 7.3.21

SET SQL_MODE = "NO_AUTO_VALUE_ON_ZERO";
START TRANSACTION;
SET time_zone = "+00:00";


/*!40101 SET @OLD_CHARACTER_SET_CLIENT=@@CHARACTER_SET_CLIENT */;
/*!40101 SET @OLD_CHARACTER_SET_RESULTS=@@CHARACTER_SET_RESULTS */;
/*!40101 SET @OLD_COLLATION_CONNECTION=@@COLLATION_CONNECTION */;
/*!40101 SET NAMES utf8mb4 */;

--
-- Database: `pet_mart`
--

-- --------------------------------------------------------

--
-- Table structure for table `category`
--

DROP TABLE IF EXISTS `category`;
CREATE TABLE IF NOT EXISTS `category` (
  `category_id` int NOT NULL AUTO_INCREMENT,
  `product_category` varchar(50) NOT NULL,
  PRIMARY KEY (`category_id`),
  KEY `category_id` (`category_id`)
) ENGINE=InnoDB AUTO_INCREMENT=5 DEFAULT CHARSET=utf8mb4 COLLATE=utf8mb4_0900_ai_ci;

--
-- Dumping data for table `category`
--

INSERT INTO `category` (`category_id`, `product_category`) VALUES
(1, 'Toys'),
(2, 'Food'),
(3, 'Healthcare'),
(4, 'Gears');

-- --------------------------------------------------------

--
-- Table structure for table `customer_order`
--

DROP TABLE IF EXISTS `customer_order`;
CREATE TABLE IF NOT EXISTS `customer_order` (
  `order_id` int NOT NULL AUTO_INCREMENT,
  `cart_id` int NOT NULL,
  `order_date` date NOT NULL,
  `status_of_delivery` varchar(100) CHARACTER SET utf8mb4 COLLATE utf8mb4_0900_ai_ci NOT NULL,
  PRIMARY KEY (`order_id`),
  KEY `order_ID` (`order_id`),
  KEY `cart_ID` (`cart_id`)
) ENGINE=InnoDB DEFAULT CHARSET=utf8mb4 COLLATE=utf8mb4_0900_ai_ci;

-- --------------------------------------------------------

--
-- Table structure for table `pet`
--

DROP TABLE IF EXISTS `pet`;
CREATE TABLE IF NOT EXISTS `pet` (
  `pet_id` int NOT NULL AUTO_INCREMENT,
  `product_pet` varchar(50) NOT NULL,
  PRIMARY KEY (`pet_id`),
  KEY `pet_id` (`pet_id`)
) ENGINE=InnoDB AUTO_INCREMENT=3 DEFAULT CHARSET=utf8mb4 COLLATE=utf8mb4_0900_ai_ci;

--
-- Dumping data for table `pet`
--

INSERT INTO `pet` (`pet_id`, `product_pet`) VALUES
(1, 'Cat'),
(2, 'Dog');

-- --------------------------------------------------------

--
-- Table structure for table `product`
--

DROP TABLE IF EXISTS `product`;
CREATE TABLE IF NOT EXISTS `product` (
  `product_id` int NOT NULL AUTO_INCREMENT,
  `pet_id` int NOT NULL,
  `product_name` varchar(50) CHARACTER SET utf8mb4 COLLATE utf8mb4_0900_ai_ci NOT NULL,
  `product_image` varchar(255) NOT NULL,
  `product_desc` longtext NOT NULL,
  `category_id` int NOT NULL,
  `product_price` int NOT NULL,
  PRIMARY KEY (`product_id`),
  KEY `product_ID` (`product_id`),
  KEY `pet_id` (`pet_id`),
  KEY `category_id` (`category_id`)
) ENGINE=InnoDB AUTO_INCREMENT=11 DEFAULT CHARSET=utf8mb4 COLLATE=utf8mb4_0900_ai_ci;

--
-- Dumping data for table `product`
--

INSERT INTO `product` (`product_id`, `pet_id`, `product_name`, `product_image`, `product_desc`, `category_id`, `product_price`) VALUES
(1, 1, 'Pet naturals Calming (Pet Chews)', 'cat_chews.jpg', 'Products Facts:\r\nActive Ingredients Per 1 Chew (1.5g):\r\nThiamine (Vitamin B1) = 65 mg\r\nColostrum Calming Complex® Biopeptide Blend = 9 mg\r\nL-Theanine = 8.5 mg\r\nInactive Ingredients: brewers yeast, calcium sulfate, canola oil, chicken liver flavor,\r\ncitric acid, glycerin, maltodextrin, mixed tocopherols, propionic acid, rosemary\r\nextract, silicon dioxide, sodium alginate, soy lecithin, vegetable oil. ', 2, 19),
(2, 1, 'Cat Harness & Bungee Leash Black Color (M)', 'bungee_leash.jpg', 'A black-colored medium-sized bungee leash. Provide your cat with the sights, sounds, and smells of a safe outside adventure. It allows you to control your cat or kitten in a calm and comfortable manner.', 4, 69),
(3, 1, 'OURPETS® ALPINE CLIMB SCRATCHER CAT TOYS', 'climb_toy.jpg', 'Perfect angle for stretching and scratching. Redirects scratching from furniture while grooming claws', 1, 89),
(4, 2, 'BEEF, PORK & ANCIENT GRAINS FORMULA FOR ADULT DOGS', 'dog_food.jpg', '89% of the protein comes from animal sources, rich in amino acids. Enhanced with ancient grains to help dogs reach their full potential and support overall well-being.', 2, 79),
(5, 2, 'Blue Buffalo Wilderness Natural Adult High Protein', 'chicken_dog_food.jpg', 'BLUE Wilderness natural dry dog food satisfies the spirit of the wolf in your canine with more of the meat dogs love. This high protein, grain free formula starts with delicious, protein-rich chicken, features antioxidant-rich LifeSource Bits and is enhanced with vitamins, minerals and other nutrients.', 2, 69),
(6, 2, 'KONG® EZ CLEAR™ DOG COLLAR SMALL', 'collar_small.jpg', 'The KONG EZ Clear™ Collar promotes healing by preventing your dog from bothering wounds while still allowing him or her to see. Hook and loop straps make this collar very easy to take on and off and to adjust for comfy fit, keeping wounds safe to mend while your dog heals.', 3, 29),
(7, 2, '100 mg Broad-Spectrum Hemp Oil Dropper for Dogs', 'oil_dropper.jpg', 'INGREDIENTS\r\nActive Ingredients per dropper (ml):\r\n\r\nBroad- Spectrum Cannabanoids Hemp Oil	16.67mg (1 ml)\r\nInactive Ingredients: MCT Coconut (Medium Chain Triglycerides)', 3, 39),
(8, 1, 'Pioneer Pet Swan Pet Drinking Fountain: 80oz ', 'petswan.jpg', 'Easy Clean design that is dishwasher safe and comes with a replaceable charcoal filter that provides clean and fresh water for your pet', 3, 80),
(9, 2, 'FRONT RANGE® DOG HARNESS', 'dog_gear.jpg', 'The Front Range Harness is a padded everyday dog harness that is easy to put on and comfortable for dogs to wear. A key piece of gear for canines embarking on a life of adventure with their humans.', 4, 198),
(10, 2, 'NATURAL LEATHER BONE TOY', 'dog toys.jpg', 'Made with vegetable-tanned leather and reinforced layers of natural wool-felt stitched together. 6\" leather dog toy.', 1, 30);

-- --------------------------------------------------------

--
-- Table structure for table `shopping_cart`
--

DROP TABLE IF EXISTS `shopping_cart`;
CREATE TABLE IF NOT EXISTS `shopping_cart` (
  `cart_id` int NOT NULL AUTO_INCREMENT,
  `user_id` int NOT NULL,
  `product_id` int NOT NULL,
  `product_quantity_added` int NOT NULL,
  `checkout` tinyint(1) NOT NULL,
  `paid` tinyint(1) NOT NULL,
  PRIMARY KEY (`cart_id`),
  KEY `cart_ID` (`cart_id`),
  KEY `customer_ID` (`user_id`),
  KEY `product_ID` (`product_id`)
) ENGINE=InnoDB DEFAULT CHARSET=utf8mb4 COLLATE=utf8mb4_0900_ai_ci;

-- --------------------------------------------------------

--
-- Table structure for table `user`
--

DROP TABLE IF EXISTS `user`;
CREATE TABLE IF NOT EXISTS `user` (
  `user_id` int NOT NULL AUTO_INCREMENT,
  `user_password` varchar(50) CHARACTER SET utf8mb4 COLLATE utf8mb4_0900_ai_ci NOT NULL,
  `user_username` varchar(50) CHARACTER SET utf8mb4 COLLATE utf8mb4_0900_ai_ci NOT NULL,
  `user_name` varchar(50) CHARACTER SET utf8mb4 COLLATE utf8mb4_0900_ai_ci NOT NULL,
  `user_image` mediumblob,
  `user_email` varchar(100) CHARACTER SET utf8mb4 COLLATE utf8mb4_0900_ai_ci NOT NULL,
  `user_address` text CHARACTER SET utf8mb4 COLLATE utf8mb4_0900_ai_ci NOT NULL,
  `user_phone_number` varchar(12) CHARACTER SET utf8mb4 COLLATE utf8mb4_0900_ai_ci NOT NULL,
  `privilege` varchar(5) NOT NULL DEFAULT 'user',
  PRIMARY KEY (`user_id`),
  KEY `user_id` (`user_id`),
  KEY `user_username` (`user_username`)
) ENGINE=InnoDB AUTO_INCREMENT=6 DEFAULT CHARSET=utf8mb4 COLLATE=utf8mb4_0900_ai_ci;

--
-- Dumping data for table `user`
--

INSERT INTO `user` (`user_id`, `user_password`, `user_username`, `user_name`, `user_image`, `user_email`, `user_address`, `user_phone_number`, `privilege`) VALUES
(1, 'lrj123', 'lrj', 'Lee Ren Jie', NULL, '', '', '', 'owner'),
(2, 'cjh123', 'cjh', 'Chiang Juo Han', NULL, '', '', '', 'admin'),
(3, 'lyh123', 'lyh', 'Lee Yee Hau', NULL, '', '', '', 'admin'),
(4, 'diong123', 'diong', 'diongjienbing', 0x646174613a696d6167652f746d703b6261736536342c2f396a2f34414151536b5a4a5267414241514141415141424141442f34516c516148523063446f764c32357a4c6d466b62324a6c4c6d4e7662533934595841764d5334774c7741385033687759574e725a585167596d566e6157343949752b377679496761575139496c63315454424e63454e6c61476c49656e4a6c5533704f56474e3661324d355a43492f5069413865447034625842745a585268494868746247357a4f6e6739496d466b62324a6c4f6d357a4f6d316c64474576496942344f6e68746348527250534a425a4739695a53425954564167513239795a5341314c6a5974597a457a4f4341334f5334784e546b344d6a5173494449774d5459764d446b764d5451744d4445364d446b364d44456749434167494341674943492b494478795a475936556b5247494868746247357a4f6e4a6b5a6a30696148523063446f764c336433647935334d793576636d63764d546b354f5338774d6938794d6931795a47597463336c75644746344c57357a4979492b494478795a4759365247567a59334a706348527062323467636d526d4f6d466962335630505349694c7a3467504339795a475936556b5247506941384c33673665473177625756305954346749434167494341674943416749434167494341674943416749434167494341674943416749434167494341674943416749434167494341674943416749434167494341674943416749434167494341674943416749434167494341674943416749434167494341674943416749434167494341674943416749434167494341674943416749434167494341674943416749434167494341674943416749434167494341674943416749434167494341674943416749434167494341674943416749434167494341674943416749434167494341674943416749434167494341674943416749434167494341674943416749434167494341674943416749434167494341674943416749434167494341674943416749434167494341674943416749434167494341674943416749434167494341674943416749434167494341674943416749434167494341674943416749434167494341674943416749434167494341674943416749434167494341674943416749434167494341674943416749434167494341674943416749434167494341674943416749434167494341674943416749434167494341674943416749434167494341674943416749434167494341674943416749434167494341674943416749434167494341674943416749434167494341674943416749434167494341674943416749434167494341674943416749434167494341674943416749434167494341674943416749434167494341674943416749434167494341674943416749434167494341674943416749434167494341674943416749434167494341674943416749434167494341674943416749434167494341674943416749434167494341674943416749434167494341674943416749434167494341674943416749434167494341674943416749434167494341674943416749434167494341674943416749434167494341674943416749434167494341674943416749434167494341674943416749434167494341674943416749434167494341674943416749434167494341674943416749434167494341674943416749434167494341674943416749434167494341674943416749434167494341674943416749434167494341674943416749434167494341674943416749434167494341674943416749434167494341674943416749434167494341674943416749434167494341674943416749434167494341674943416749434167494341674943416749434167494341674943416749434167494341674943416749434167494341674943416749434167494341674943416749434167494341674943416749434167494341674943416749434167494341674943416749434167494341674943416749434167494341674943416749434167494341674943416749434167494341674943416749434167494341674943416749434167494341674943416749434167494341674943416749434167494341674943416749434167494341674943416749434167494341674943416749434167494341674943416749434167494341674943416749434167494341674943416749434167494341674943416749434167494341674943416749434167494341674943416749434167494341674943416749434167494341674943416749434167494341674943416749434167494341674943416749434167494341674943416749434167494341674943416749434167494341674943416749434167494341674943416749434167494341674943416749434167494341674943416749434167494341674943416749434167494341674943416749434167494341674943416749434167494341674943416749434167494341674943416749434167494341674943416749434167494341674943416749434167494341674943416749434167494341674943416749434167494341674943416749434167494341674943416749434167494341674943416749434167494341674943416749434167494341674943416749434167494341674943416749434167494341674943416749434167494341674943416749434167494341674943416749434167494341674943416749434167494341674943416749434167494341674943416749434167494341674943416749434167494341674943416749434167494341674943416749434167494341674943416749434167494341674943416749434167494341674943416749434167494341674943416749434167494341674943416749434167494341674943416749434167494341674943416749434167494341674943416749434167494341674943416749434167494341674943416749434167494341674943416749434167494341674943416749434167494341674943416749434167494341674943416749434167494341674943416749434167494341674943416749434167494341674943416749434167494341674943416749434167494341674943416749434167494341674943416749434167494341674943416749434167494341674943416749434167494341674943416749434167494341674943416749434167494341674943416749434167494341674943416749434167494341674943416749434167494341674943416749434167494341674943416749434167494341674943416749434167494341674943416749434167494341674943416749434167494341674943416749434167494341674943416749434167494341674943416749434167494341674943416749434167494341674943416749434167494341674943416749434167494341674943416749434167494341674943416749434167494341674943416749434167494341674943416749434167494341674943416749434167494341674943416749434167494341674943416749434167494341674943416749434167494341674943416749434167494341674943416749434167494341674943416749434167494341674943416749434167494341674943416749434167494341674943416749434167494341674943416749434167494341674943416749434167494341674943416749434167494341674943416749434167494341674943416749434167494341674943416749434167494341674943416749434167494341674943416749434167494341674943416749434167494341674943416749434167494341674943416749434167494341674943416749434167494341674943416749434167494341674943416749434167494341674943416749434167494341674943416749434167494341674943416749434167494341674943416749434167494341674943416749434167494341674943416749434167494341674943416749434167494341674943416749434167494341674943416749434167494341674943416749434167494341674943416749434167494341674943416749434167494341674943416749434167494341674943416749434167494341674943416749434167494341674943416749434167494341674943416749434167494341674943416749434167494341674943416749434167494341674943416749434167494341674943416749434167494341674943416749434167494341674943416749434167494341674943416749434167494341674943416749434167494341674943416749434167494341674943416749434167494341674943416749434167494341385033687759574e725a5851675a57356b50534a33496a382b2f2b30414c46426f62335276633268766343417a4c6a41414f454a4a5451516c41414141414141513142324d325938417367547067416d593750684366762f6241454d41417749434177494341774d4441775144417751464341554642415146436763484267674d4367774d43776f4c4377304f4568414e4468454f4377735146684152457851564652554d44786359466851594568515646502f6241454d424177514542515146435155464352514e437730554642515546425155464251554642515546425155464251554642515546425155464251554642515546425155464251554642515546425155464251554642515546502f4141424549416c674449414d4249674143455145444551482f784141644141454241414d4241514542415141414141414141414141435159484341514641676f442f385141507841424141414641514d4b4167674542674d42414141414141454341775147425163525667675347534533645a475373394d7851516b5446794a52595a58534642555751695179556d4a78675461436f584c2f784141554151454141414141414141414141414141414141414141412f38514146424542414141414141414141414141414141414141414141502f61414177444151414345514d5241443841367a4141414141414141414141414141414141414141414141414141414141414141414141414141414141414141414141414141414141414141414141414141414141414141414141414141414141414141414141414141414141414141414141414141414141414141414141414141414141414141414141414141414141414141414141414141414141414141414141414141414141414141414141414141414141414141414141414141414141414141414141414141414141414141414141414141414141414141414141414141414141414141414141414141414141414141414141414141414141414141414141414141414141414141414141414141414141414141414141414141414141414141414141414141414141414141414141414141414141414141414141414141414141414141414141414141414141414141414141414141414141414141414141414141414141414141414141414141414141414141414141414141414141414141414141414141414141414141414141414141414141414141414141414141414141414141414141414141414141414141414141414141414141414141414141414141414141414141414141414141414141414141414141414141414141414141414141414141414141414141414141414141414141414141414141414141414141414141414141414141414141414141414141414141414141414141414141414141414141414141414141414141414141414141414141414141414141414141414141414141414141414141414141414141414141414141414141414141414141414141414141414141414141414141414141414141414141414141414141414141414141414141414141414141414141414141414141414141414141414141414141414141414141414141414141414141414141414141414141414141414141414141414141414141414141414141414141414141414141414141414141414141414141414141414141414141414141414141414141414141414141414141414141414141414141414141414141414141414141414141414141414141414141414141414141414141414141414141414141414141414141414141414141414141414141414141414141414141414141414141414141414141414141414141414141414141414141414141414141414141414141414141414141414141414141414141414141414141414141414141414141414141414141414141414141414141414141414141414141414141414141414141414141414141414141414141414141414141414141414141414141414141414141414141414141414141414141414141414141414141414141414141414141414141414141414141414141414141414141414141414141414141414141414141414141414141414141414141414141414141414141414141414141414141414141414141414141414141414141414141414141414141414141414141414141414141414141414141414141414141414141414141414141414141414141414141414141414141414141414141414141414141414141414141414141414141414141414141414141414141414141414141414141414141414141414141414141414141414141414141414141414141414141414141414141414141414141414141414141414141414141414141414141414141414141414141414141414141414141414141414141414141414141414141414141414141414141414141414141414141414141414141414141414141414141414141414141414141414141414141414141414141414141414141414141414141414141414141414141414141414141414141414141414141414141414141414141414141414141414141414141414141414141414141414141414141414141414141414141414141414141414141414141414141414141414141414141414141414141414142347462316532782f52622f564c79614d6c705932395335725453773378684a4a4c4761614d4966507168464f4c58507054387871617464546150682b68304e4d35386634656e66545671746145752f713538307338734e2b373849654c762f61313256356e334c652b684f683168756930736b792f51394a72314a364e432f7671467255715534516a4e4c4c50556c6c6a47472f7133776845485848536d62524f466359386c78377030706d3054685847504a636536334648364c4841392f774435646b6668513973364c48412b4c386a384b487467303730706d3054685847504a636536644b5a74453456786a79584875747864466a6766462b522b4644327a6f73634434767950776f6532445476536d62524f466359386c78377030706d3054685847504a636536334630574f4238583548345550624f69787750692f492f436837594e4f394b5a74453456786a795848756e536d62524f466359386c78377263585259344878666b6668513973364c48412b4c386a384b487467303730706d3054685847504a636536644b5a74453456786a79584875747864466a6766462b522b4644327a6f73634434767950776f6532445476536d62524f466359386c78377030706d3054685847504a636536334630574f4238583548345550624f69787750692f492f436837594e4f394b5a74453456786a795848756e536d62524f466359386c78377263585259344878666b6668513973364c48412b4c386a384b487467303730706d3054685847504a636536644b5a74453456786a79584875747864466a6766462b522b4644327a6f73634434767950776f6532445476536d62524f466359386c78377030706d3054685847504a636536334630574f4238583548345550624f69787750692f492f436837594e4f394b5a74453456786a795848756e536d62524f466359386c78377263585259344878666b6668513973364c48412b4c386a384b487467303730706d3054685847504a636536644b5a74453456786a79584875747864466a6766462b522b4644327a6f73634434767950776f6532445476536d62524f466359386c78377030706d3054685847504a636536334630574f4238583548345550624966525934487638412f4c736a384b48746731586f6630702b59303957745a7459772f51362b6c382b48385254735a71314b74475466313879616165615866752f4748676f376f7572323251614e5961705a7a526e744c363370334e47616147364d5a4a35595453786a4435645559494f5a6a6f314c484d75317a53614653657451734c36766130366c53454954545379564a7059526a75367438595158463254646c6547397932586f534179734141414141414141414141414141414141414141414141414141414141414141414141414141414141414141414141414141414141414141414141414141414141414141414141474b62577579764d2b356233304a3053646c6e6164694866466e3630693232317273727a50755739394364456e5a5a326e596833785a2b74494338494e65626474742b676241634275636d3136616172756a39545a32464b4d4956627976474559793035642f772b4559786d2b5549526a31783351694777784772617879304e716d316255713839544a4c7248744c6d6d6a3956706569567072616e4a4c76366f545453786850556a2b4d5a6f782f4b45506777764639762b306e44622b5738306a4f4e6474613073642f4e6d76716c576e4e2f2b71633859797a6639776943354935473548484c636b3233586375495a68547437444d6f55347a3274786277356c48555a5a5962356f516c2f74715168434d305a59645559516a47473764756463674141414141414141414141414141414141416739745237544d7537337650576e57323254646c6547397932586f53496b375565307a4c7539377a31703174746b335a58687663746c3645674d72414141414141414141414141414141414141414141414141414141414141414141414141414141414141414141414141414141414141414141414141414141414141414141414142696d317273727a50755739394364456e5a5a326e596833785a2b744974747461374b387a376c7666516e524a3257647032496438576672534176436c72394a706e5633723233477878754e5361476e61447031506d55642f563964572b2f50502f7741786c6853682f77437170535876306e477a3637304c624a706d567770545230335864506b70665851683151754b50335a70592f384170476c47483439663441343541423958464d6c76384d79625374653075744768714f6d58564f3774366b492f436553614530502b757272682b433875686172543133526450314b6c4c47576c6557394f346b6c6a3859537a79776d68442f36684268474961686e2b58364e6a656c556f31745231533670326c4757454e2b364d30304963365034537768766a47507968434d666b76446f326d557446306978303668762b6f744b464f3370372f6a7a5a5a5953772f77446b416577414141414141414159546b4f32335a3969577579364c72576136447065725452684c2f4233656f55716453574d66684361455a7675372f7a334d796f56366431527031714e535772537153776e6b71535463365761574d4e3849776a4434776a2b4950384151414141414141414548747150615a6c336539353630363232796273727733755779394352456e616a326d5a6433766565744f7474736d374b384e376c7376516b426c5941414141414141414141414141414141414141414141414141414141414141414141414141414141414141414141414141414141414141414141414141414141414141414141414d553274646c655a397933766f546f6b374c4f3037454f2b4c50317046747472585a586d666374373645364a4f797a744f784476697a39615146345744625a646a325062637345764d57794f6a4e5061316f7771304c696c75685674613049523574576e4750776d68766a443849776a474565714d5763674a4562562b514e74563263366e576870656a7a356c6f2f4f6a39546661504c7a366b30506c7a36472f6e797a666c4345305039305746347879536473475758394f31744e6e2b7457305a706f537872616a62527336557635786e71383248562b533159446c7a6b696369757835503830636b7943356f617a6d31656c476e4c505268474e7670386b30507653306f7868766d6d6a44716a5047454f72664c434549526d6a4e314741414141414141446c6e6c7a3871614f7844455a4d62787937684a6d2b73306f7870314a49776a4e703974474d595456342f68504e47455a5a507a684e4e2f62756a75626270746c30625950733431484b745a6d68552b706839565a32634a75625064334530492f5630706638416e64474d59376f37705954523364534c4f304850645a326e356c7175555a426452753957314b744772566e2b457376796c6b6c6838705a5a59516c684435516843415067334e7a57764c697263584657657658717a5271564b7457614d303038305937347a526a48726a474d65766536313544484b3275746c57555732475a58715539544364536e68537436747a50766c3075764750335a6f526a2f414a6155305937706f6643574d5954645736626e636a41503643427868394878796f2f362f77416570374f636c752b646b6d6b30642b6d334e61623731376153772f79622f6e5570772f376a4a434565766d7a52646e674141414141416739745237544d7537337650576e57323254646c6547397932586f53496b375565307a4c7539377a31703174746b335a58687663746c3645674d72414141414141414141414141414141414141414141414141414141414141414141414141414141414141414141414141414141414141414141414141414141414141414141414142696d317273727a50755739394364456e5a5a326e596833785a2b744974747461374b387a376c7666516e524a325764703249643857667253417643414141414141504a59367459366e50566c7337793375707155656255685171797a786b6a2b456430657036774141486d314c55725852744f75722b2b754b64705a57744b657658754b30304a5a4b564f57455a7070706f78366f5168434559786a2b543070322f534b6371502b593356625a546939352f6872656545646675714d3356557151363562574566776c6a756a502f756843587135733049687a39797575556a64636f6a614e55754c57657052785053347a554e49744a39384e38752f37316565482b757047454937766c4c4357487868474d64464141414436654d5a4e7165473544702b75614e64314c44566450727933467463306f2f656b6e6c6a7668483849772f474565714d497868487169733779614e76756d636f625a7261362f626656323272304e317671756e797a6464746351683178684350587a4a76383073667736742b2b5762644539746a6b3062667454355047307131312b322b73756449727768623672703873335663323859396359516a31632b57503370592f6a76687633545462777467506d59786b756d5a6c6a326e36356f31355476394b3143684c6357317a536a3932655361472b4566796a386f776a31776a434d4939623659414141414950625565307a4c7539377a31703174746b335a58687663746c3645694a4f3148744d793776653839616462625a4e32563462334c5a656849444b77414141414141414141414141414141414141414141414141414141414141414141414141414141414141414141414141414141414141414141414141414141414141414141414159707461374b387a376c7666516e524a3257647032496438576672534c6262577579764d2b356233304a3053646c6e6164694866466e3630674c77674141414a7038752f6c673332545a486562504d4a3157706136425954526f3670663264534d7331395868315455705a6f646631556e776a752f7a54622f41497768434d64396376506c522f592f6950384153474f58664d7a4857364d595431715533333950745937355a716d2f35547a3963736e7a68756d6d33776a4358664b6b4832384f7a6258746e3276572b7459337131316f32715738334f6b756253704757622f694d50684e4c4835797868474566684743752f4a47355331707969396e333852646655327557615a7a614f7132564c716c6a474f2f6d56354966364a34516a3166327a516d683849516a474e725064682b32505774685730585463723057626e7a30492f5658567047626d795864764e4748316c4b62386f376f5268486448644e43575079426373593373363267364c74537776537370782b352f69744b31476a4372546d6a75684e4a48345453547768474f36615761455a59772b5559526554617a745230545935674f71355a7239623675787361652b576c4c4748316c78566a3153557049522b4d3030643049666831786a7568434d5161693561664b627062414d412f67744a7279545a7072644f656c703950716a4731702f4365356d682f7433377059522b4d33796a43575a496534754b743363564b396570505772315a6f7a314b7453614d30303830593734786a4750786a47507a5a62746332703633746e326761726c6d7656656665333154664a526c6a474e4f32705136704b556b492f43575748562b6364385939635978596341414141414144732f36506a6c522f30426b4e505a786b31357a4d62316174763032357254666473727561502b546638414b6e556a2f7742516e33523675644e46546c2f5075717a7944755648397365482f77424a5a4664382f4d39446f77684372566d337a6168617733516c71372f6a476558716c6e2f48664c4e766a47614f344f72774141415165326f39706d586437336e72547262624a757976446535624c304a4553647150615a6c3365393536303632327962737277337557793943514756674141414141414141414141414141414141414141414141414141414141414141414141414141414141414141414141414141414141414141414141414141414141414141414141785461313256356e334c652b684f69547373375473513734732f576b57323274646c655a397933766f546f6b374c4f3037454f2b4c50317041586841416135322b626139483242374e3951796a56597772567049665532466a7a75624e64334d5952356c4f483451366f786d6a38705a5a6f376f37747a4f7458316579304453727a5539527561646c70396e526e754c693572546332536c546c684761616161507968434549782f3652773557584b4d7665555274497133314b617051786654597a322b6a32632f567a61652b484f7254512f774264534d49526a2b4549537939664e33784457476435767247306e4c395679625837714e35713270566f313639575056446638495379772b55737349516c684435516843487966424141414855764957355555646965616630316b46353958684774315951717a315a74306c686378335379312b7671684c4864435766386f537a6632626f2f4c3562504b61713765646f45326d615263546630566f6457656c595379782b37643166685063786838392f776b332f435872366f7a5451633341414141414141414144372b425a31724f7a544d4e4b7966514c754e6e71326d316f56714e5348584350796a4c4e4435797a516a47574d506e434d59664e3841426354594e747130626233733430374b644a6a4c537154772b7076724c6e6336657a755a595135394b5035646349776a38355a7059376f62397a59694d2f4a4c3552313579647470464b38725431612b4b366e47533331697a6b3639395066486d3170496636366359786a443859526d6c3675647668593353745673396430757a314c54376d6c65574635526b754c65356f7a63365372546d684361576157507a684745595233673959414950625565307a4c7539377a31703174746b335a58687663746c3645694a4f3148744d793776653839616462625a4e32563462334c5a656849444b77414141414141414141414141414141414141414141414141414141414141414141414141414141414141414141414141414141414141414141414141414141414141414141414159707461374b387a376c7666516e524a3257647032496438576672534c6262577579764d2b356233304a3053646c6e6164694866466e3630674c776735723562664b646b324334482f414372527269582b74746370545357554a59776a477a6f2f4365356d682b4d4f75456d2f347a646658435361414f642f70457556482f504e5172624b385975392b6e32645348382b7561553356577253786847573268474839736b5962352f3930495136755a4866776d2f64577255754b73395772504e55717a7a526d6e6e6e6a766d6d6a48726a474d666e462b414141414141414141414141414141414148642f30646e4b6a2f414a4e66554e6c575433662b4275366b59364464565a75716a576d6a766d746f786a2f6250474d597966376f786c362b6643454f4548376f56366c74577031714e53616c56707a516e6b6e6b6a4745307330493734526847487769442b675563323869666c4f303976654266797a574c69582b747445707930373657614d4952764b58776b755a59666e31516e3366436272366f547977644a416739745237544d7537337650576e57323254646c6547397932586f53496b375565307a4c7539377a31703174746b335a58687663746c3645674d72414141414141414141414141414141414141414141414141414141414141414141414141414141414141414141414141414141414141414141414141414141414141414141414142696d317273727a50755739394364456e5a5a326e596833785a2b744974747461374b387a376c7666516e513677335771574e35666f657256366339616859583143367155366359516d6d6c6b71537a5268446631623477683877584b326b5a3162374e734b3154496269787664542f41494f6e7670324f6e304a7131653571526a756b70795379776a48664e4e47454e2b376443472b4d657145556474716d6e37566473476561746c6576346a6b56572f7636735a6f5535644b75507136464f48564a536b687a65715757586443482f472b4f2b4d59786473394b646766434f522b4e4433447054734434517950786f65344366583251353377566b583656582f59665a446e664257526670566639696776536e594877686b666a513977365537412b454d6a38614875416e31396b4f6438465a462b6c562f32483251353377566b583656582f41474b43394b6467664347522b4e4433447054734434517950786f65344366583251353377566b583656582f4147483251353377566b583656582f596f4c3070324238495a48343050634f6c4f77506844492f476837674a39665a446e66425752667056663968396b4f6438465a462b6c562f324b43394b6467664347522b4e4433447054734434517950786f65344366583251353377566b583656582f59665a446e664257526670566639696776536e594877686b666a513977365537412b454d6a38614875416e31396b4f6438465a462b6c562f32483251353377566b583656582f41474b43394b6467664347522b4e4433447054734434517950786f65344366583251353377566b583656582f4147483251353377566b583656582f596f4c3070324238495a48343050634f6c4f77506844492f476837674a39665a446e66425752667056663968396b4f6438465a462b6c562f324b43394b6467664347522b4e4433447054734434517950786f65344366583251353377566b583656582f59665a446e664257526670566639696776536e594877686b666a513977365537412b454d6a38614875416e31396b4f6438465a462b6c562f32483251353377566b583656582f41474b43394b6467664347522b4e4433447054734434517950786f653444696a5a54596256646a756561566c6567596a6b564b2b73616e4f6a546d3075342b72754b636571656c50434576584c4e446643507a683859626f776846596a5a786e46767448777253386874724b383079463553353153783143684e5272323953485650546e6c6d68434f2b57614559623932364f37664466434d484a33536e594877686b666a513977365537412b45636a38614875416e70745237544d7537337650576e57323254646c6547397932586f5349645a6a724e4c493875317a5671464f656a517637367664553664534d497a53797a314a706f516a75367438495258463254646c6547397932586f53417973414141414141414141414141414141414141414141414141414141414141414141414141414141414141414141414141414141414141414141414141414141414141414141414148693176523762494e47763841533779574d396e66573953327253797a626f786b6e6c6a4c4e4345666c3152696e46726e30574759796174645336506d476831394d3538663465706653317156614d752f71353873736b30752f642b456642536f424d666f73396f6646574d656534396f364c50614878566a486e7550615534415448364c50614878566a486e7550614f697a32683856597835376a326c4f4145782b697a32683856597835376a326a6f73396f6646574d65653439705467424d666f73396f6646574d656534396f364c50614878566a486e7550615534415448364c50614878566a486e7550614f697a32683856597835376a326c4f4145782b697a32683856597835376a326a6f73396f6646574d65653439705467424d666f73396f6646574d656534396f364c50614878566a486e7550615534415448364c50614878566a486e7550614f697a32683856597835376a326c4f4145782b697a32683856597835376a326a6f73396f6646574d65653439705467424d666f73396f6646574d656534396f364c50614878566a486e7550615534415448364c50614878566a486e7550614f697a32683856597835376a326c4f4145782b697a32683856597835376a326a6f73396f6646574d65653439705467424e62512f6f734d78716174617936786d4768304e4c353850346965786c725661304a506e7a4a5a704a5a642b3738592b4b6a6d69615262592f6f316870646c4c47537a7362656e62555a5a6f3734776b6b6c684c4c434d666e315167396f4141414141414141414141414141414141414141414141414141414141414141414141414141414141414141414141414141414141414141414141414141414141414141414141414141414141414141414141414141414141414141414141414141414141414141414141414141414141414141414141414141414141414141414141414141414141414141414141414141414141414141414141414141414141414141414141414141414141414141414141414141414141414141414141414141414141414141414141414141414141414141414141414141414141414141414141414141414141414141414141414141414141414141414141414141414141414141414141414141414141414141414141414141414141414141414141414141414141414141414141414141414141414141414141414141414141414141414141414141414141414141414141414141414141414141414141414141414141414141414141414141414141414141414141414141414141414141414141414141414141414141414141414141414141414141414141414141414141414141414141414141414141414141414141414141414141414141414141414141414141414141414141414141414141414141414141414141414141414141414141414141414141414141414141414141414141414141414141414141414141414141414141414141414141414141414141414141414141414141414141414141414141414141414141414141414141414141414141414141414141414141414141414141414141414141414141414141414141414141414141414141414141414141414141414141414141414141414141414141414141414141414141414141414141414141414141414141414141414141414141414141414141414141414141414141414141414141414141414141414141414141414141414141414141414141414141414141414141414141414141414141414141414141414141414141414141414141414141414141414141414141414141414141414141414141414141414141414141414141414141414141414141414141414141414141414141414141414141414141414141414141414141414141414141414141414141414141414141414141414141414141414141414141414141414141414141414141414141414141414141414141414141414141414141414141414141414141414141414141414141414141414141414141414141414141414141414141414141414141414141414141414141414141414141414141414141414141414141414141414141414141414141414141414141414141414141414141414141414141414141414141414141414141414141414141414141414141414141414141414141414141414141414141414141414141414141414141414141414141414141414141414141414141414141414141414141414141414141414141414141414141414141414141414141414141414141414141414141414141414141414141414141414141414141414141414141414141414141414141414141414141414141414141414141414141414141414141414141414141414141414141414141414141414141414141414141414141414141414141414141414141414141414141414141414141414141414141414141414141414141414141414141414141414141414141414141414141414141414141414141414141414141414141414141414141414141414141414141414141414141414141414141414141414141414141414141414141414141414141414141414141414141414141414141414141414141414141414141414141414141414141414141414141414141414141414141414141414141414141414141414141414141414141414141414141414141414141414141414141414141414141414141414141414141414141414141414141414141414141442f396b3d, 'diong@example.com.my', 'diong home', '01245663355', 'user');
INSERT INTO `user` (`user_id`, `user_password`, `user_username`, `user_name`, `user_image`, `user_email`, `user_address`, `user_phone_number`, `privilege`) VALUES
(5, 'sample123', 'sample', 'sample', 0x646174613a696d6167652f746d703b6261736536342c2f396a2f34414151536b5a4a5267414241514141415141424141442f34516c516148523063446f764c32357a4c6d466b62324a6c4c6d4e7662533934595841764d5334774c7741385033687759574e725a585167596d566e6157343949752b377679496761575139496c63315454424e63454e6c61476c49656e4a6c5533704f56474e3661324d355a43492f5069413865447034625842745a585268494868746247357a4f6e6739496d466b62324a6c4f6d357a4f6d316c64474576496942344f6e68746348527250534a425a4739695a53425954564167513239795a5341314c6a5974597a457a4f4341334f5334784e546b344d6a5173494449774d5459764d446b764d5451744d4445364d446b364d44456749434167494341674943492b494478795a475936556b5247494868746247357a4f6e4a6b5a6a30696148523063446f764c336433647935334d793576636d63764d546b354f5338774d6938794d6931795a47597463336c75644746344c57357a4979492b494478795a4759365247567a59334a706348527062323467636d526d4f6d466962335630505349694c7a3467504339795a475936556b5247506941384c33673665473177625756305954346749434167494341674943416749434167494341674943416749434167494341674943416749434167494341674943416749434167494341674943416749434167494341674943416749434167494341674943416749434167494341674943416749434167494341674943416749434167494341674943416749434167494341674943416749434167494341674943416749434167494341674943416749434167494341674943416749434167494341674943416749434167494341674943416749434167494341674943416749434167494341674943416749434167494341674943416749434167494341674943416749434167494341674943416749434167494341674943416749434167494341674943416749434167494341674943416749434167494341674943416749434167494341674943416749434167494341674943416749434167494341674943416749434167494341674943416749434167494341674943416749434167494341674943416749434167494341674943416749434167494341674943416749434167494341674943416749434167494341674943416749434167494341674943416749434167494341674943416749434167494341674943416749434167494341674943416749434167494341674943416749434167494341674943416749434167494341674943416749434167494341674943416749434167494341674943416749434167494341674943416749434167494341674943416749434167494341674943416749434167494341674943416749434167494341674943416749434167494341674943416749434167494341674943416749434167494341674943416749434167494341674943416749434167494341674943416749434167494341674943416749434167494341674943416749434167494341674943416749434167494341674943416749434167494341674943416749434167494341674943416749434167494341674943416749434167494341674943416749434167494341674943416749434167494341674943416749434167494341674943416749434167494341674943416749434167494341674943416749434167494341674943416749434167494341674943416749434167494341674943416749434167494341674943416749434167494341674943416749434167494341674943416749434167494341674943416749434167494341674943416749434167494341674943416749434167494341674943416749434167494341674943416749434167494341674943416749434167494341674943416749434167494341674943416749434167494341674943416749434167494341674943416749434167494341674943416749434167494341674943416749434167494341674943416749434167494341674943416749434167494341674943416749434167494341674943416749434167494341674943416749434167494341674943416749434167494341674943416749434167494341674943416749434167494341674943416749434167494341674943416749434167494341674943416749434167494341674943416749434167494341674943416749434167494341674943416749434167494341674943416749434167494341674943416749434167494341674943416749434167494341674943416749434167494341674943416749434167494341674943416749434167494341674943416749434167494341674943416749434167494341674943416749434167494341674943416749434167494341674943416749434167494341674943416749434167494341674943416749434167494341674943416749434167494341674943416749434167494341674943416749434167494341674943416749434167494341674943416749434167494341674943416749434167494341674943416749434167494341674943416749434167494341674943416749434167494341674943416749434167494341674943416749434167494341674943416749434167494341674943416749434167494341674943416749434167494341674943416749434167494341674943416749434167494341674943416749434167494341674943416749434167494341674943416749434167494341674943416749434167494341674943416749434167494341674943416749434167494341674943416749434167494341674943416749434167494341674943416749434167494341674943416749434167494341674943416749434167494341674943416749434167494341674943416749434167494341674943416749434167494341674943416749434167494341674943416749434167494341674943416749434167494341674943416749434167494341674943416749434167494341674943416749434167494341674943416749434167494341674943416749434167494341674943416749434167494341674943416749434167494341674943416749434167494341674943416749434167494341674943416749434167494341674943416749434167494341674943416749434167494341674943416749434167494341674943416749434167494341674943416749434167494341674943416749434167494341674943416749434167494341674943416749434167494341674943416749434167494341674943416749434167494341674943416749434167494341674943416749434167494341674943416749434167494341674943416749434167494341674943416749434167494341674943416749434167494341674943416749434167494341674943416749434167494341674943416749434167494341674943416749434167494341674943416749434167494341674943416749434167494341674943416749434167494341674943416749434167494341674943416749434167494341674943416749434167494341674943416749434167494341674943416749434167494341674943416749434167494341674943416749434167494341674943416749434167494341674943416749434167494341674943416749434167494341674943416749434167494341674943416749434167494341674943416749434167494341674943416749434167494341674943416749434167494341674943416749434167494341674943416749434167494341674943416749434167494341674943416749434167494341674943416749434167494341674943416749434167494341674943416749434167494341674943416749434167494341674943416749434167494341674943416749434167494341674943416749434167494341674943416749434167494341674943416749434167494341674943416749434167494341674943416749434167494341674943416749434167494341674943416749434167494341674943416749434167494341674943416749434167494341674943416749434167494341674943416749434167494341674943416749434167494341674943416749434167494341674943416749434167494341674943416749434167494341674943416749434167494341674943416749434167494341674943416749434167494341674943416749434167494341674943416749434167494341674943416749434167494341674943416749434167494341674943416749434167494341674943416749434167494341385033687759574e725a5851675a57356b50534a33496a382b2f2b30414c46426f62335276633268766343417a4c6a41414f454a4a5451516c41414141414141513142324d325938417367547067416d593750684366762f6241454d41417749434177494341774d4441775144417751464341554642415146436763484267674d4367774d43776f4c4377304f4568414e4468454f4377735146684152457851564652554d44786359466851594568515646502f6241454d424177514542515146435155464352514e437730554642515546425155464251554642515546425155464251554642515546425155464251554642515546425155464251554642515546425155464251554642515546502f4141424549416c674449414d4249674143455145444551482f784141644141454241414d4241514542415141414141414141414141435159484341514641676f442f385141507841424141414641514d4b4167674542674d42414141414141454341775147425163525667675347534533645a475373394d7851516b5446794a52595a58534642555751695179556d4a78675461436f584c2f784141554151454141414141414141414141414141414141414141412f38514146424542414141414141414141414141414141414141414141502f61414177444151414345514d5241443841367a4141414141414141414141414141414141414141414141414141414141414141414141414141414141414141414141414141414141414141414141414141414141414141414141414141414141414141414141414141414141414141414141414141414141414141414141414141414141414141414141414141414141414141414141414141414141414141414141414141414141414141414141414141414141414141414141414141414141414141414141414141414141414141414141414141414141414141414141414141414141414141414141414141414141414141414141414141414141414141414141414141414141414141414141414141414141414141414141414141414141414141414141414141414141414141414141414141414141414141414141414141414141414141414141414141414141414141414141414141414141414141414141414141414141414141414141414141414141414141414141414141414141414141414141414141414141414141414141414141414141414141414141414141414141414141414141414141414141414141414141414141414141414141414141414141414141414141414141414141414141414141414141414141414141414141414141414141414141414141414141414141414141414141414141414141414141414141414141414141414141414141414141414141414141414141414141414141414141414141414141414141414141414141414141414141414141414141414141414141414141414141414141414141414141414141414141414141414141414141414141414141414141414141414141414141414141414141414141414141414141414141414141414141414141414141414141414141414141414141414141414141414141414141414141414141414141414141414141414141414141414141414141414141414141414141414141414141414141414141414141414141414141414141414141414141414141414141414141414141414141414141414141414141414141414141414141414141414141414141414141414141414141414141414141414141414141414141414141414141414141414141414141414141414141414141414141414141414141414141414141414141414141414141414141414141414141414141414141414141414141414141414141414141414141414141414141414141414141414141414141414141414141414141414141414141414141414141414141414141414141414141414141414141414141414141414141414141414141414141414141414141414141414141414141414141414141414141414141414141414141414141414141414141414141414141414141414141414141414141414141414141414141414141414141414141414141414141414141414141414141414141414141414141414141414141414141414141414141414141414141414141414141414141414141414141414141414141414141414141414141414141414141414141414141414141414141414141414141414141414141414141414141414141414141414141414141414141414141414141414141414141414141414141414141414141414141414141414141414141414141414141414141414141414141414141414141414141414141414141414141414141414141414141414141414141414141414141414141414141414141414141414141414141414141414141414141414141414141414141414141414141414141414141414141414141414141414141414141414141414141414141414141414141414141414141414141414141414141414141414141414141414141414141414141414141414141414141414141414141414141414141414141414141414141414141414141414141414141414141414141414141414141414141414141414141414141414141414141414142347462316532782f52622f564c79614d6c705932395335725453773378684a4a4c4761614d4966507168464f4c58507054387871617464546150682b68304e4d35386634656e66545671746145752f713538307338734e2b373849654c762f61313256356e334c652b684f683168756930736b792f51394a72314a364e432f7671467255715534516a4e4c4c50556c6c6a47472f7133776845485848536d62524f466359386c78377030706d3054685847504a636536334648364c4841392f774435646b6668513973364c48412b4c386a384b487467303730706d3054685847504a636536644b5a74453456786a79584875747864466a6766462b522b4644327a6f73634434767950776f6532445476536d62524f466359386c78377030706d3054685847504a636536334630574f4238583548345550624f69787750692f492f436837594e4f394b5a74453456786a795848756e536d62524f466359386c78377263585259344878666b6668513973364c48412b4c386a384b487467303730706d3054685847504a636536644b5a74453456786a79584875747864466a6766462b522b4644327a6f73634434767950776f6532445476536d62524f466359386c78377030706d3054685847504a636536334630574f4238583548345550624f69787750692f492f436837594e4f394b5a74453456786a795848756e536d62524f466359386c78377263585259344878666b6668513973364c48412b4c386a384b487467303730706d3054685847504a636536644b5a74453456786a79584875747864466a6766462b522b4644327a6f73634434767950776f6532445476536d62524f466359386c78377030706d3054685847504a636536334630574f4238583548345550624f69787750692f492f436837594e4f394b5a74453456786a795848756e536d62524f466359386c78377263585259344878666b6668513973364c48412b4c386a384b487467303730706d3054685847504a636536644b5a74453456786a79584875747864466a6766462b522b4644327a6f73634434767950776f6532445476536d62524f466359386c78377030706d3054685847504a636536334630574f4238583548345550624966525934487638412f4c736a384b48746731586f6630702b59303957745a7459772f51362b6c382b48385254735a71314b74475466313879616165615866752f4748676f376f7572323251614e5961705a7a526e744c363370334e47616147364d5a4a35595453786a4435645559494f5a6a6f314c484d75317a53614653657451734c36766130366c53454954545379564a7059526a75367438595158463254646c6547397932586f534179734141414141414141414141414141414141414141414141414141414141414141414141414141414141414141414141414141414141414141414141414141414141414141414141474b62577579764d2b356233304a3053646c6e6164694866466e3630693232317273727a50755739394364456e5a5a326e596833785a2b74494338494e65626474742b676241634275636d3136616172756a39545a32464b4d4956627976474559793035642f772b4559786d2b5549526a31783351694777784772617879304e716d316255713839544a4c7248744c6d6d6a3956706569567072616e4a4c76366f545453786850556a2b4d5a6f782f4b45506777764639762b306e44622b5738306a4f4e6474613073642f4e6d76716c576e4e2f2b71633859797a6639776943354935473548484c636b3233586375495a68547437444d6f55347a3274786277356c48555a5a5962356f516c2f74715168434d305a59645559516a47473764756463674141414141414141414141414141414141416739745237544d7537337650576e57323254646c6547397932586f53496b375565307a4c7539377a31703174746b335a58687663746c3645674d72414141414141414141414141414141414141414141414141414141414141414141414141414141414141414141414141414141414141414141414141414141414141414141414142696d317273727a50755739394364456e5a5a326e596833785a2b744974747461374b387a376c7666516e524a3257647032496438576672534176436c72394a706e5633723233477878754e5361476e61447031506d55642f563964572b2f50502f7741786c6853682f77437170535876306e477a3637304c624a706d567770545230335864506b70665851683151754b50335a70592f384170476c47483439663441343541423958464d6c76384d79625374653075744768714f6d58564f3774366b492f436553614530502b757272682b433875686172543133526450314b6c4c47576c6557394f346b6c6a3859537a79776d68442f36684268474961686e2b58364e6a656c556f31745231533670326c4757454e2b364d30304963365034537768766a47507968434d666b76446f326d557446306978303668762b6f744b464f3370372f6a7a5a5a5953772f77446b416577414141414141414159546b4f32335a3969577579364c72576136447065725452684c2f4233656f55716453574d66684361455a7675372f7a334d796f56366431527031714e535772537153776e6b71535463365761574d4e3849776a4434776a2b4950384151414141414141414548747150615a6c336539353630363232796273727733755779394352456e616a326d5a6433766565744f7474736d374b384e376c7376516b426c5941414141414141414141414141414141414141414141414141414141414141414141414141414141414141414141414141414141414141414141414141414141414141414141414d553274646c655a397933766f546f6b374c4f3037454f2b4c50317046747472585a586d666374373645364a4f797a744f784476697a39615146345744625a646a325062637345764d57794f6a4e5061316f7771304c696c75685674613049523574576e4750776d68766a443849776a474565714d5763674a4562562b514e74563263366e576870656a7a356c6f2f4f6a39546661504c7a366b30506c7a36472f6e797a666c4345305039305746347879536473475758394f31744e6e2b7457305a706f537872616a62527336557635786e71383248562b533159446c7a6b696369757835503830636b7943356f617a6d31656c476e4c505268474e7670386b30507653306f7868766d6d6a44716a5047454f72664c434549526d6a4e314741414141414141446c6e6c7a3871614f7844455a4d62787937684a6d2b73306f7870314a49776a4e703974474d595456342f68504e47455a5a507a684e4e2f62756a75626270746c30625950733431484b745a6d68552b706839565a32634a75625064334530492f5630706638416e64474d59376f37705954523364534c4f304850645a326e356c7175555a426452753957314b744772566e2b457376796c6b6c6838705a5a59516c684435516843415067334e7a57764c697263584657657658717a5271564b7457614d303038305937347a526a48726a474d65766536313544484b3275746c57555732475a58715539544364536e68537436747a50766c3075764750335a6f526a2f414a6155305937706f6643574d5954645736626e636a41503643427868394878796f2f362f77416570374f636c752b646b6d6b30642b6d334e61623731376153772f79622f6e5570772f376a4a434565766d7a52646e674141414141416739745237544d7537337650576e57323254646c6547397932586f53496b375565307a4c7539377a31703174746b335a58687663746c3645674d72414141414141414141414141414141414141414141414141414141414141414141414141414141414141414141414141414141414141414141414141414141414141414141414142696d317273727a50755739394364456e5a5a326e596833785a2b744974747461374b387a376c7666516e524a325764703249643857667253417643414141414141504a59367459366e50566c7337793375707155656255685171797a786b6a2b456430657036774141486d314c55725852744f75722b2b754b64705a57744b657658754b30304a5a4b564f57455a7070706f78366f5168434559786a2b543070322f534b6371502b593356625a546939352f6872656545646675714d3356557151363562574566776c6a756a502f756843587135733049687a39797575556a64636f6a614e55754c57657052785053347a554e49744a39384e38752f37316565482b757047454937766c4c4357487868474d64464141414436654d5a4e7165473544702b75614e64314c44566450727933467463306f2f656b6e6c6a7668483849772f474565714d497868487169733779614e76756d636f625a7261362f626656323272304e317671756e797a6464746351683178684350587a4a76383073667736742b2b5762644539746a6b3062667454355047307131312b322b73756449727768623672703873335663323859396359516a31632b57503370592f6a76687633545462777467506d59786b756d5a6c6a326e36356f31355476394b3143684c6357317a536a3932655361472b4566796a386f776a31776a434d4939623659414141414950625565307a4c7539377a31703174746b335a58687663746c3645694a4f3148744d793776653839616462625a4e32563462334c5a656849444b77414141414141414141414141414141414141414141414141414141414141414141414141414141414141414141414141414141414141414141414141414141414141414141414159707461374b387a376c7666516e524a3257647032496438576672534c6262577579764d2b356233304a3053646c6e6164694866466e3630674c77674141414a7038752f6c673332545a486562504d4a3157706136425954526f3670663264534d7331395868315455705a6f646631556e776a752f7a54622f41497768434d64396376506c522f592f6950384153474f58664d7a4857364d595431715533333950745937355a716d2f35547a3963736e7a68756d6d33776a4358664b6b4832384f7a6258746e3276572b7459337131316f32715738334f6b756253704757622f694d50684e4c4835797868474566684743752f4a47355331707969396e333852646655327557615a7a614f7132564c716c6a474f2f6d56354966364a34516a3166327a516d683849516a474e725064682b32505774685730585463723057626e7a30492f5658567047626d795864764e4748316c4b62386f376f5268486448644e43575079426373593373363267364c74537776537370782b352f69744b31476a4372546d6a75684e4a48345453547768474f36615761455a59772b5559526554617a745230545935674f71355a7239623675787361652b576c4c4748316c78566a3153557049522b4d3030643049666831786a7568434d5161693561664b627062414d412f67744a7279545a7072644f656c703950716a4731702f4365356d682f7433377059522b4d33796a43575a496534754b743363564b396570505772315a6f7a314b7453614d30303830593734786a4750786a47507a5a62746332703633746e326761726c6d7656656665333154664a526c6a474e4f32705136704b556b492f43575748562b6364385939635978596341414141414144732f36506a6c522f30426b4e505a786b31357a4d62316174763032357254666473727561502b546638414b6e556a2f7742516e33523675644e46546c2f5075717a7944755648397365482f77424a5a4664382f4d39446f77684372566d337a6168617733516c71372f6a476558716c6e2f48664c4e766a47614f344f72774141415165326f39706d586437336e72547262624a757976446535624c304a4553647150615a6c3365393536303632327962737277337557793943514756674141414141414141414141414141414141414141414141414141414141414141414141414141414141414141414141414141414141414141414141414141414141414141414141785461313256356e334c652b684f69547373375473513734732f576b57323274646c655a397933766f546f6b374c4f3037454f2b4c50317041586841416135322b626139483242374e3951796a56597772567049665532466a7a75624e64334d5952356c4f483451366f786d6a38705a5a6f376f37747a4f7458316579304453727a5539527561646c70396e526e754c693572546332536c546c684761616161507968434549782f3652773557584b4d7665555274497133314b617051786654597a322b6a32632f567a61652b484f7254512f774264534d49526a2b4549537939664e33784457476435767247306e4c395679625837714e35713270566f313639575056446638495379772b55737349516c684435516843487966424141414855764957355555646965616630316b46353958684774315951717a315a74306c686378335379312b7671684c4864435766386f537a6632626f2f4c3562504b61713765646f45326d615263546630566f6457656c595379782b37643166685063786838392f776b332f435872366f7a5451633341414141414141414144372b425a31724f7a544d4e4b7966514c754e6e71326d316f56714e5348584350796a4c4e4435797a516a47574d506e434d59664e3841426354594e747130626233733430374b644a6a4c537154772b7076724c6e6336657a755a595135394b5035646349776a38355a7059376f62397a59694d2f4a4c3552313579647470464b38725431612b4b366e47533331697a6b3639395066486d3170496636366359786a443859526d6c3675647668593353745673396430757a314c54376d6c65574635526b754c65356f7a63365372546d684361576157507a684745595233673959414950625565307a4c7539377a31703174746b335a58687663746c3645694a4f3148744d793776653839616462625a4e32563462334c5a656849444b77414141414141414141414141414141414141414141414141414141414141414141414141414141414141414141414141414141414141414141414141414141414141414141414159707461374b387a376c7666516e524a3257647032496438576672534c6262577579764d2b356233304a3053646c6e6164694866466e3630674c776735723562664b646b324334482f414372527269582b74746370545357554a59776a477a6f2f4365356d682b4d4f75456d2f347a646658435361414f642f70457556482f504e5172624b385975392b6e32645348382b7561553356577253786847573268474839736b5962352f3930495136755a4866776d2f64577255754b73395772504e55717a7a526d6e6e6e6a766d6d6a48726a474d666e462b414141414141414141414141414141414148642f30646e4b6a2f414a4e66554e6c575433662b4275366b59364464565a75716a576d6a766d746f786a2f6250474d597966376f786c362b6643454f4548376f56366c74577031714e53616c56707a516e6b6e6b6a4745307330493734526847487769442b675563323869666c4f303976654266797a574c69582b747445707930373657614d4952764b58776b755a59666e31516e3366436272366f547977644a416739745237544d7537337650576e57323254646c6547397932586f53496b375565307a4c7539377a31703174746b335a58687663746c3645674d72414141414141414141414141414141414141414141414141414141414141414141414141414141414141414141414141414141414141414141414141414141414141414141414142696d317273727a50755739394364456e5a5a326e596833785a2b744974747461374b387a376c7666516e513677335771574e35666f657256366339616859583143367155366359516d6d6c6b71537a5268446631623477683877584b326b5a3162374e734b3154496269787664542f41494f6e7670324f6e304a7131653571526a756b70795379776a48664e4e47454e2b376443472b4d657145556474716d6e37566473476561746c6576346a6b56572f7636735a6f5535644b75507136464f48564a536b687a65715757586443482f472b4f2b4d59786473394b646766434f522b4e4433447054734434517950786f65344366583251353377566b583656582f59665a446e664257526670566639696776536e594877686b666a513977365537412b454d6a38614875416e31396b4f6438465a462b6c562f32483251353377566b583656582f41474b43394b6467664347522b4e4433447054734434517950786f65344366583251353377566b583656582f4147483251353377566b583656582f596f4c3070324238495a48343050634f6c4f77506844492f476837674a39665a446e66425752667056663968396b4f6438465a462b6c562f324b43394b6467664347522b4e4433447054734434517950786f65344366583251353377566b583656582f59665a446e664257526670566639696776536e594877686b666a513977365537412b454d6a38614875416e31396b4f6438465a462b6c562f32483251353377566b583656582f41474b43394b6467664347522b4e4433447054734434517950786f65344366583251353377566b583656582f4147483251353377566b583656582f596f4c3070324238495a48343050634f6c4f77506844492f476837674a39665a446e66425752667056663968396b4f6438465a462b6c562f324b43394b6467664347522b4e4433447054734434517950786f65344366583251353377566b583656582f59665a446e664257526670566639696776536e594877686b666a513977365537412b454d6a38614875416e31396b4f6438465a462b6c562f32483251353377566b583656582f41474b43394b6467664347522b4e4433447054734434517950786f653444696a5a54596256646a756561566c6567596a6b564b2b73616e4f6a546d3075342b72754b636571656c50434576584c4e446643507a683859626f776846596a5a786e46767448777253386874724b383079463553353153783143684e5272323953485650546e6c6d68434f2b57614559623932364f37664466434d484a33536e594877686b666a513977365537412b45636a38614875416e70745237544d7537337650576e57323254646c6547397932586f5349645a6a724e4c493875317a5671464f656a517637367664553664534d497a53797a314a706f516a75367438495258463254646c6547397932586f53417973414141414141414141414141414141414141414141414141414141414141414141414141414141414141414141414141414141414141414141414141414141414141414141414148693176523762494e47763841533779574d396e66573953327253797a626f786b6e6c6a4c4e4345666c3152696e46726e30574759796174645336506d476831394d3538663465706653317156614d752f71353873736b30752f642b456642536f424d666f73396f6646574d656534396f364c50614878566a486e7550615534415448364c50614878566a486e7550614f697a32683856597835376a326c4f4145782b697a32683856597835376a326a6f73396f6646574d65653439705467424d666f73396f6646574d656534396f364c50614878566a486e7550615534415448364c50614878566a486e7550614f697a32683856597835376a326c4f4145782b697a32683856597835376a326a6f73396f6646574d65653439705467424d666f73396f6646574d656534396f364c50614878566a486e7550615534415448364c50614878566a486e7550614f697a32683856597835376a326c4f4145782b697a32683856597835376a326a6f73396f6646574d65653439705467424d666f73396f6646574d656534396f364c50614878566a486e7550615534415448364c50614878566a486e7550614f697a32683856597835376a326c4f4145782b697a32683856597835376a326a6f73396f6646574d65653439705467424e62512f6f734d78716174617936786d4768304e4c353850346965786c725661304a506e7a4a5a704a5a642b3738592b4b6a6d69615262592f6f316870646c4c47537a7362656e62555a5a6f3734776b6b6c684c4c434d666e315167396f4141414141414141414141414141414141414141414141414141414141414141414141414141414141414141414141414141414141414141414141414141414141414141414141414141414141414141414141414141414141414141414141414141414141414141414141414141414141414141414141414141414141414141414141414141414141414141414141414141414141414141414141414141414141414141414141414141414141414141414141414141414141414141414141414141414141414141414141414141414141414141414141414141414141414141414141414141414141414141414141414141414141414141414141414141414141414141414141414141414141414141414141414141414141414141414141414141414141414141414141414141414141414141414141414141414141414141414141414141414141414141414141414141414141414141414141414141414141414141414141414141414141414141414141414141414141414141414141414141414141414141414141414141414141414141414141414141414141414141414141414141414141414141414141414141414141414141414141414141414141414141414141414141414141414141414141414141414141414141414141414141414141414141414141414141414141414141414141414141414141414141414141414141414141414141414141414141414141414141414141414141414141414141414141414141414141414141414141414141414141414141414141414141414141414141414141414141414141414141414141414141414141414141414141414141414141414141414141414141414141414141414141414141414141414141414141414141414141414141414141414141414141414141414141414141414141414141414141414141414141414141414141414141414141414141414141414141414141414141414141414141414141414141414141414141414141414141414141414141414141414141414141414141414141414141414141414141414141414141414141414141414141414141414141414141414141414141414141414141414141414141414141414141414141414141414141414141414141414141414141414141414141414141414141414141414141414141414141414141414141414141414141414141414141414141414141414141414141414141414141414141414141414141414141414141414141414141414141414141414141414141414141414141414141414141414141414141414141414141414141414141414141414141414141414141414141414141414141414141414141414141414141414141414141414141414141414141414141414141414141414141414141414141414141414141414141414141414141414141414141414141414141414141414141414141414141414141414141414141414141414141414141414141414141414141414141414141414141414141414141414141414141414141414141414141414141414141414141414141414141414141414141414141414141414141414141414141414141414141414141414141414141414141414141414141414141414141414141414141414141414141414141414141414141414141414141414141414141414141414141414141414141414141414141414141414141414141414141414141414141414141414141414141414141414141414141414141414141414141414141414141414141414141414141414141414141414141414141414141414141414141414141414141414141414141414141414141414141414141414141414141414141414141414141414141414141414141414141414141414141414141414141414141414141414141414141414141414141414141414141414141414141414141414141414141414141414141414141414141442f396b3d, 'sample@example.com', 'Sample house', '0113322553', 'user');

--
-- Constraints for dumped tables
--

--
-- Constraints for table `customer_order`
--
ALTER TABLE `customer_order`
  ADD CONSTRAINT `customer_order_ibfk_1` FOREIGN KEY (`cart_id`) REFERENCES `shopping_cart` (`cart_id`) ON DELETE CASCADE ON UPDATE RESTRICT;

--
-- Constraints for table `product`
--
ALTER TABLE `product`
  ADD CONSTRAINT `pet_ibfk_1` FOREIGN KEY (`pet_id`) REFERENCES `pet` (`pet_id`) ON DELETE RESTRICT ON UPDATE RESTRICT,
  ADD CONSTRAINT `product_ibfk_1` FOREIGN KEY (`category_id`) REFERENCES `category` (`category_id`) ON DELETE RESTRICT ON UPDATE RESTRICT;

--
-- Constraints for table `shopping_cart`
--
ALTER TABLE `shopping_cart`
  ADD CONSTRAINT `shopping_cart_ibfk_1` FOREIGN KEY (`user_id`) REFERENCES `user` (`user_id`) ON DELETE CASCADE ON UPDATE RESTRICT;
COMMIT;

/*!40101 SET CHARACTER_SET_CLIENT=@OLD_CHARACTER_SET_CLIENT */;
/*!40101 SET CHARACTER_SET_RESULTS=@OLD_CHARACTER_SET_RESULTS */;
/*!40101 SET COLLATION_CONNECTION=@OLD_COLLATION_CONNECTION */;
